{
	"axis_max" : 3.8740002512931824,
	"axis_min" : -1.349000096321106,
	"bounding_polygon" : 
	[
		[ -0.36509196702141, 0.15073654548594789, 0.0 ],
		[ 0.39901977675849165, 0.32264204585284445, 0.0 ],
		[ 0.49235045290980683, -0.092208366461411451, 0.0 ],
		[ -0.27176129087009482, -0.26411386682830801, 0.0 ]
	],
	"class_name" : "SelectionPolygonVolume",
	"orthogonal_axis" : "Z",
	"version_major" : 1,
	"version_minor" : 0
}