{
	"axis_max" : 9.682000607252121,
	"axis_min" : -4.1600002646446228,
	"bounding_polygon" : 
	[
		[ -0.42967298022069739, 0.097988134790159664, 0.0 ],
		[ 0.29291720090914586, 0.097988134790159664, 0.0 ],
		[ 0.29291720090914586, -0.23631864373395009, 0.0 ],
		[ -0.42967298022069739, -0.23631864373395009, 0.0 ]
	],
	"class_name" : "SelectionPolygonVolume",
	"orthogonal_axis" : "Z",
	"version_major" : 1,
	"version_minor" : 0
}