{
	"axis_max" : 9.682000607252121,
	"axis_min" : -4.1600002646446228,
	"bounding_polygon" : 
	[
		[ -0.27606210928208941, 0.10785482799280804, 0.0 ],
		[ 0.28750019262721005, 0.10785482799280804, 0.0 ],
		[ 0.28750019262721005, -0.24328336820005028, 0.0 ],
		[ -0.27606210928208941, -0.24328336820005028, 0.0 ]
	],
	"class_name" : "SelectionPolygonVolume",
	"orthogonal_axis" : "Z",
	"version_major" : 1,
	"version_minor" : 0
}