{
	"axis_max" : 2.9160001575946808,
	"axis_min" : -0.71400004625320435,
	"bounding_polygon" : 
	[
		[ -0.3094588501342222, 0.36932225803320679, 0.0 ],
		[ 0.49864867402555918, 0.065688976939396501, 0.0 ],
		[ 0.35793139194994039, -0.30882431964023344, 0.0 ],
		[ -0.45017613220984098, -0.0051910385464231518, 0.0 ]
	],
	"class_name" : "SelectionPolygonVolume",
	"orthogonal_axis" : "Z",
	"version_major" : 1,
	"version_minor" : 0
}