{
	"axis_max" : 2.9160001575946808,
	"axis_min" : -0.71400004625320435,
	"bounding_polygon" : 
	[
		[ -0.29664562172360742, 0.33973212815971809, 0.0 ],
		[ 0.39782500451716984, 0.12491071501179211, 0.0 ],
		[ 0.2838460195495961, -0.24355839971654331, 0.0 ],
		[ -0.41062460669118117, -0.02873698656861734, 0.0 ]
	],
	"class_name" : "SelectionPolygonVolume",
	"orthogonal_axis" : "Z",
	"version_major" : 1,
	"version_minor" : 0
}