{
	"axis_max" : 9.682000607252121,
	"axis_min" : -4.1600002646446228,
	"bounding_polygon" : 
	[
		[ -0.14972973676471429, 0.098181599565746985, 0.0 ],
		[ 0.30878130186386094, 0.098181599565746985, 0.0 ],
		[ 0.30878130186386094, -0.24192911608551751, 0.0 ],
		[ -0.14972973676471429, -0.24192911608551751, 0.0 ]
	],
	"class_name" : "SelectionPolygonVolume",
	"orthogonal_axis" : "Z",
	"version_major" : 1,
	"version_minor" : 0
}