{
	"axis_max" : 0.47664310225511952,
	"axis_min" : -0.53746020638422687,
	"bounding_polygon" : 
	[
		[ 0.0, 0.22122062523777913, -0.043527887472935775 ],
		[ 0.0, -0.50731634444462959, -0.069696608551955516 ],
		[ 0.0, -0.51535213305373606, 0.15401967192588273 ],
		[ 0.0, 0.21318483662867266, 0.1801883930049025 ]
	],
	"class_name" : "SelectionPolygonVolume",
	"orthogonal_axis" : "X",
	"version_major" : 1,
	"version_minor" : 0
}